<?xml version="1.0" encoding="UTF-8"?>
<style-scheme version="1.0" name="Cobalt blue">
  <!-- 
       Based on the colors of Ubuntu's GEdit 
       vcrobe@gmail.com
   -->
  <style name="Text" foreground="#bbbbbb" background="#001b33"/>
  <style name="Extra" foreground="#008B8B" background="#111111"/>
  <style name="Selection" background="#505050"/>
  <style name="CurrentLine" background="#003B70"/>
  <style name="IndentLine" foreground="#008B8B"/>
  <style name="VisualWhitespace" foreground="#c0c0c0"/>
  <style name="Keyword" foreground="#a1a100"/>
  <style name="DataType" foreground="#80ffbb" /> 
  <style name="Decimal" foreground="#00ffff"/>
  <style name="BaseN" foreground="#ff55ff"/>
  <style name="Float" foreground="#ff55ff"/>
  <style name="Char" foreground="#55ff55"/>
  <style name="String" foreground="#38d81b"/>
  <style name="Comment" foreground="#0088ff"/>
  <style name="Alert" foreground="#ff0000"/>
  <style name="Error" foreground="#ffff55"/>
  <style name="Function" foreground="#ffff55"/>
  <style name="RegionMarker" foreground="#bbbbbb"/>
  <style name="Symbol" foreground="#bbbbbb"/>
  <style name="BuiltinFunc" foreground="#aa00aa"/>
  <style name="Predeclared" foreground="#ff0040"/>
  <style name="FuncDecl" foreground="#ffffff"/>
  <style name="Placeholder" foreground="#a75454"/>
  <style name="ToDo" foreground="#5555ff" bold="true"/>
</style-scheme>
