<?xml version="1.0" encoding="UTF-8"?>
<mime-info xmlns='http://www.freedesktop.org/standards/shared-mime-info'>
  <mime-type type="text/xml" codec="utf-8" package="xml">
    <sub-class-of type="text/plain"/>
    <comment>XML Source File</comment>
    <glob pattern="*.xml"/>
  </mime-type>
  <mime-type type="text/x-pts" codec="utf-8" package="">
    <sub-class-of type="text/plain"/>
    <comment>PTS File</comment>
    <glob pattern="*.pts"/>
  </mime-type>
  <mime-type type="text/x-ar" codec="utf-8" package="ar">
    <sub-class-of type="text/plain"/>
    <comment>ar Source File</comment>
    <glob pattern="*.ar"/>
  </mime-type>  
  <mime-type type="text/x-crd" codec="utf-8" package="">
    <sub-class-of type="text/plain"/>
    <comment>Crd File</comment>
    <glob pattern="*.crd"/>
  </mime-type>
  <mime-type type="text/x-vis" codec="utf-8" package="">
    <sub-class-of type="text/plain"/>
    <comment>Vis File</comment>
    <glob pattern="*.vis"/>
  </mime-type>
  <mime-type type="text/x-plt" codec="utf-8" package="">
    <sub-class-of type="text/plain"/>
    <comment>Plt File</comment>
    <glob pattern="*.plt"/>
  </mime-type>  
  <mime-type type="text/x-cdr" codec="utf-8" package="">
    <sub-class-of type="text/plain"/>
    <comment>Cdr File</comment>
    <glob pattern="*.cdr"/>
  </mime-type>  
  <mime-type type="text/x-rbt" codec="utf-8" package="">
    <sub-class-of type="text/plain"/>
    <comment>Rbt File</comment>
    <glob pattern="*.rbt"/>
  </mime-type>
  <mime-type type="text/x-con" codec="utf-8" package="">
    <sub-class-of type="text/plain"/>
    <comment>Con File</comment>
    <glob pattern="*.con"/>
  </mime-type>
  <mime-type type="text/x-net" codec="utf-8" package="">
    <sub-class-of type="text/plain"/>
    <comment>Net File</comment>
    <glob pattern="*.net"/>
  </mime-type>
</mime-info>
